{
  "branch": "minecolonies:civilian",
  "effects": [
    {
      "minecolonies:effects/gravedecaybonus": 2
    }
  ],
  "icon": "minecolonies:blockminecoloniesgrave",
  "parentResearch": "minecolonies:civilian/gravedecaybonus1",
  "requirements": [
    {
      "building": "graveyard",
      "level": 1
    },
    {
      "item": "minecraft:rotten_flesh",
      "quantity": 16
    }
  ],
  "researchLevel": 3,
  "sortOrder": 2,
  "subtitle": "com.minecolonies.research.civilian.gravedecaybonus2.subtitle"
}