{
  "branch": "minecolonies:civilian",
  "effects": [
    {
      "minecolonies:effects/gravedecaybonus": 1
    }
  ],
  "icon": "minecolonies:blockminecoloniesgrave",
  "parentResearch": "minecolonies:civilian/remembrance",
  "requirements": [
    {
      "building": "graveyard",
      "level": 1
    },
    {
      "item": "minecraft:rotten_flesh",
      "quantity": 1
    }
  ],
  "researchLevel": 2,
  "sortOrder": 2,
  "subtitle": "com.minecolonies.research.civilian.gravedecaybonus1.subtitle"
}