{
  "branch": "minecolonies:civilian",
  "effects": [
    {
      "minecolonies:effects/regenerationmultiplier": 2
    }
  ],
  "icon": "minecolonies:textures/icons/research/regeneration2.png",
  "parentResearch": "minecolonies:civilian/bandaid",
  "requirements": [
    {
      "building": "townhall",
      "level": 1
    },
    {
      "item": "minecraft:golden_carrot",
      "quantity": 8
    }
  ],
  "researchLevel": 3,
  "subtitle": "com.minecolonies.research.civilian.healingcream.subtitle"
}