{
  "branch": "minecolonies:civilian",
  "effects": [
    {
      "minecolonies:effects/growthmultiplier": 1
    }
  ],
  "icon": "minecolonies:textures/icons/research/childgrowth1.png",
  "parentResearch": "minecolonies:civilian/higherlearning",
  "requirements": [
    {
      "building": "townhall",
      "level": 1
    },
    {
      "item": "minecraft:cooked_chicken",
      "quantity": 8
    }
  ],
  "researchLevel": 2,
  "sortOrder": 2,
  "subtitle": "com.minecolonies.research.civilian.nurture.subtitle"
}