{
  "branch": "minecolonies:technology",
  "effects": [
    {
      "minecolonies:effects/plant2unlock": 1
    }
  ],
  "icon": "minecraft:green_dye",
  "parentResearch": "minecolonies:technology/letitgrow",
  "requirements": [
    {
      "building": "plantation",
      "level": 1
    },
    {
      "item": "minecraft:bamboo",
      "quantity": 8
    },
    {
      "item": "minecraft:sugar_cane",
      "quantity": 8
    },
    {
      "item": "minecraft:cactus",
      "quantity": 8
    }
  ],
  "researchLevel": 3,
  "subtitle": "com.minecolonies.research.technology.doubletrouble.subtitle"
}