{
  "branch": "minecolonies:technology",
  "effects": [
    {
      "minecolonies:effects/enhancesgatedurabilityaddition": 2
    }
  ],
  "icon": "minecolonies:gate_iron",
  "parentResearch": "minecolonies:technology/enhanced_gates1",
  "requirements": [
    {
      "item": "minecolonies:gate_iron",
      "quantity": 16
    },
    {
      "item": "minecolonies:ancienttome",
      "quantity": 1
    },
    {
      "item": "minecraft:obsidian",
      "quantity": 16
    }
  ],
  "researchLevel": 4
}