{
  "branch": "minecolonies:technology",
  "effects": [
    {
      "minecolonies:effects/crushing11unlock": 1
    }
  ],
  "icon": "minecraft:gold_block",
  "parentResearch": "minecolonies:technology/rockingroll",
  "requirements": [
    {
      "building": "crusher",
      "level": 1
    },
    {
      "item": "minecraft:gravel",
      "quantity": 16
    },
    {
      "item": "minecraft:sand",
      "quantity": 16
    },
    {
      "item": "minecraft:clay",
      "quantity": 16
    }
  ],
  "researchLevel": 3,
  "subtitle": "com.minecolonies.research.technology.gildedhammer.subtitle"
}