{
  "branch": "minecolonies:technology",
  "effects": [
    {
      "minecolonies:effects/minerfireresunlock": 1
    }
  ],
  "icon": "minecraft:campfire",
  "parentResearch": "minecolonies:technology/stringwork",
  "requirements": [
    {
      "building": "miner",
      "level": 1
    },
    {
      "item": "minecraft:leather",
      "quantity": 8
    },
    {
      "item": "minecraft:iron_ingot",
      "quantity": 8
    }
  ],
  "researchLevel": 3,
  "subtitle": "com.minecolonies.research.technology.hotboots.subtitle"
}