{
  "branch": "minecolonies:technology",
  "effects": [
    {
      "minecolonies:effects/morescrollsunlock": 1
    }
  ],
  "icon": "minecolonies:scroll_highlight",
  "requirements": [
    {
      "building": "townhall",
      "level": 1
    },
    {
      "item": "minecraft:paper",
      "quantity": 8
    },
    {
      "item": "minecolonies:ancienttome",
      "quantity": 1
    },
    {
      "item": "minecraft:lapis_lazuli",
      "quantity": 8
    }
  ],
  "researchLevel": 1,
  "sortOrder": 3
}