{
  "branch": "minecolonies:technology",
  "effects": [
    {
      "minecolonies:effects/recipemodeunlock": 1
    }
  ],
  "icon": "minecolonies:blockminecoloniesrack",
  "parentResearch": "minecolonies:technology/memoryaid",
  "requirements": [
    {
      "building": "sawmill",
      "level": 1
    },
    {
      "item": "minecolonies:blockminecoloniesrack",
      "quantity": 3
    }
  ],
  "researchLevel": 3,
  "sortOrder": 2,
  "subtitle": "com.minecolonies.research.technology.warehousemaster.subtitle"
}