{
  "branch": "minecolonies:technology",
  "effects": [
    {
      "minecolonies:effects/blockhutsawmill": 1,
      "minecolonies:effects/recipesmultiplier": 4,
      "minecolonies:effects/citizeninvslotsaddition": 1,
      "minecolonies:effects/blockplacespeedmultiplier": 4,
      "minecolonies:effects/blockbreakspeedmultiplier": 4,
      "minecolonies:effects/walkingmultiplier": 4
    }
  ],
  "icon": "minecolonies:blockhutsawmill",
  "requirements": [
    {
      "building": "lumberjack",
      "level": 1
    },
    {
      "item": "minecraft:oak_planks",
      "quantity": 16
    }
  ],
  "researchLevel": 1,
  "sortOrder": 5,
  "subtitle": "com.minecolonies.research.technology.woodwork.subtitle"
}