{
  "branch": "minecolonies:combat",
  "effects": [
    {
      "minecolonies:effects/knighttauntmobsunlock": 1
    }
  ],
  "icon": "minecraft:chain",
  "requirements": [
    {
      "building": "guardtower",
      "level": 1
    },
    {
      "item": "minecraft:rotten_flesh",
      "quantity": 1
    },
    {
      "item": "minecraft:bone",
      "quantity": 1
    },
    {
      "item": "minecraft:spider_eye",
      "quantity": 1
    }
  ],
  "researchLevel": 1,
  "sortOrder": 5,
  "subtitle": "com.minecolonies.research.combat.taunt.subtitle"
}