{
  "branch": "minecolonies:combat",
  "effects": [
    {
      "minecolonies:effects/whirlwindabilityunlock": 1
    }
  ],
  "icon": "minecolonies:iron_scimitar",
  "parentResearch": "minecolonies:combat/arrowpierce",
  "requirements": [
    {
      "building": "guardtower",
      "level": 4
    },
    {
      "item": "minecraft:redstone",
      "quantity": 8
    },
    {
      "item": "minecraft:gold_ingot",
      "quantity": 8
    },
    {
      "item": "minecraft:lapis_lazuli",
      "quantity": 8
    }
  ],
  "researchLevel": 4
}